all_gg_counts,barracks_status_dire,barracks_status_radiant,cluster,dire_logo,dire_score,dire_team,duration,engine,first_blood_time,game_mode,human_players,league_name,league_tier,leagueid,match_id,negative_votes,positive_votes,radiant_gold_adv,radiant_logo,radiant_score,radiant_team,radiant_win,radiant_xp_adv,region,replay_url,start_time,tower_status_dire,tower_status_radiant,version
0.0,51,51,224,,61,,2855,1,60,3,10,,,0,4196318122,0,0,12790.0,,47,,False,1683.0,12,http://replay224.valve.net/570/4196318122_1293719788.dem.bz2,1540991835,1542,4,21.0
0.0,63,0,224,,50,,3105,1,52,3,10,,,0,4193417965,1,1,-12860.0,,30,,False,5820.0,12,http://replay224.valve.net/570/4193417965_567453873.dem.bz2,1540827060,1844,0,21.0
0.0,48,63,224,,26,,2020,1,0,3,10,,,0,4193337196,2,2,18358.0,,42,,True,21994.0,12,http://replay224.valve.net/570/4193337196_1871831866.dem.bz2,1540824103,256,1975,21.0
0.0,55,63,224,,15,,2031,1,209,3,10,,,0,4193160083,5,30,22825.0,,36,,True,26273.0,12,http://replay224.valve.net/570/4193160083_784986206.dem.bz2,1540818041,260,1974,21.0
0.0,60,63,224,,39,,3088,1,166,3,10,,,0,4192894105,2,17,1477.0,,57,,True,-956.0,12,http://replay224.valve.net/570/4192894105_1034328529.dem.bz2,1540806999,288,1796,21.0
0.0,2,63,224,,50,,3932,1,8,3,10,,,0,4191624697,2,26,22333.0,,53,,True,918.0,12,http://replay224.valve.net/570/4191624697_566420629.dem.bz2,1540733569,0,1830,21.0
0.0,0,63,224,,31,,2464,1,51,3,10,,,0,4191104062,1,38,27235.0,,33,,True,22969.0,12,http://replay224.valve.net/570/4191104062_155010657.dem.bz2,1540715334,0,1846,21.0
0.0,63,48,224,,49,,2515,1,93,3,10,,,0,4191022720,2,52,-26519.0,,45,,False,-14384.0,12,http://replay224.valve.net/570/4191022720_1463045368.dem.bz2,1540712217,1972,256,21.0
0.0,48,63,224,,16,,1551,1,122,2,10,,,0,4189732301,5,128,27200.0,,43,,True,29510.0,12,http://replay224.valve.net/570/4189732301_543392677.dem.bz2,1540648899,256,2047,21.0
0.0,31,51,224,,31,,3387,1,124,2,10,,,0,4189574899,10,269,12081.0,,55,,False,5193.0,12,http://replay224.valve.net/570/4189574899_941901862.dem.bz2,1540644132,1568,262,21.0
,48,63,224,,13,,1022,1,215,2,10,,,0,4189518486,1,1,,,36,,True,,12,http://replay224.valve.net/570/4189518486_549340224.dem.bz2,1540642314,256,2047,
0.0,63,3,224,,54,,2470,1,135,3,10,,,0,4189430588,0,14,-23550.0,,26,,False,-11270.0,12,http://replay224.valve.net/570/4189430588_899151358.dem.bz2,1540639351,1974,4,21.0
0.0,63,48,224,,51,,2005,1,142,3,10,,,0,4189203546,3,29,-9802.0,,26,,False,-12838.0,12,http://replay224.valve.net/570/4189203546_1537846703.dem.bz2,1540631517,1590,384,21.0
0.0,63,48,224,,53,,2095,1,116,3,10,,,0,4189127360,0,12,-23766.0,,25,,False,-31487.0,12,http://replay224.valve.net/570/4189127360_1468455991.dem.bz2,1540628808,2038,256,21.0
0.0,0,63,224,,42,,3282,1,216,3,10,,,0,4187094177,0,25,14602.0,,54,,True,263.0,12,http://replay224.valve.net/570/4187094177_1017598901.dem.bz2,1540541719,0,1828,21.0
0.0,0,63,223,,33,,2367,1,2,3,10,,,0,4186065535,4,21,9586.0,,31,,True,20043.0,18,http://replay223.valve.net/570/4186065535_290661039.dem.bz2,1540477162,0,1830,21.0
0.0,51,63,224,,41,,2711,1,18,3,10,,,0,4185968817,0,0,-9997.0,,36,,False,-12188.0,12,http://replay224.valve.net/570/4185968817_872379581.dem.bz2,1540473818,1920,6,21.0
0.0,51,63,224,,14,,1352,1,0,3,10,,,0,4185905543,0,2,17832.0,,34,,True,14047.0,12,http://replay224.valve.net/570/4185905543_1194249936.dem.bz2,1540471578,390,2038,21.0
0.0,0,63,224,,31,,1867,1,211,3,10,,,0,4185621857,2,8,18026.0,,52,,True,28522.0,12,http://replay224.valve.net/570/4185621857_92350486.dem.bz2,1540458404,0,2046,21.0
,63,63,224,,1,,601,1,157,3,10,,,0,4185579562,0,0,,,17,,True,,12,http://replay224.valve.net/570/4185579562_1011210256.dem.bz2,1540455992,1855,2047,
0.0,51,11,224,,41,,2298,1,10,3,10,,,0,4184565328,4,38,-2249.0,,34,,False,-4565.0,12,http://replay224.valve.net/570/4184565328_1438729542.dem.bz2,1540390763,1924,4,21.0
0.0,63,0,224,,40,,2707,1,148,3,10,,,0,4184471549,6,16,-27466.0,,22,,False,-17008.0,12,http://replay224.valve.net/570/4184471549_612824489.dem.bz2,1540387494,1974,0,21.0
0.0,0,63,224,,37,,2682,1,0,3,10,,,0,4184092973,3,17,16618.0,,37,,True,4982.0,12,http://replay224.valve.net/570/4184092973_1645869751.dem.bz2,1540370538,0,1974,21.0
0.0,63,0,224,,34,,1687,1,161,3,10,,,0,4184053993,0,0,-26277.0,,9,,False,-23158.0,12,http://replay224.valve.net/570/4184053993_1251212052.dem.bz2,1540368316,2038,0,21.0
0.0,63,3,224,,47,,2019,1,37,3,10,,,0,4183036145,0,24,-13748.0,,33,,False,-12444.0,12,http://replay224.valve.net/570/4183036145_500275567.dem.bz2,1540303464,1972,6,21.0
4.0,48,63,153,https://steamcdn-a.akamaihd.net/apps/dota2/images/team_logos/15.png,4,PSG.LGD,1103,1,311,2,10,PVP eSports Championship,professional,10128,4155165022,39,214,11466.0,https://steamcdn-a.akamaihd.net/apps/dota2/images/team_logos/1838315.png,20,Team Secret,True,8824.0,5,http://replay153.valve.net/570/4155165022_1574824243.dem.bz2,1538829872,960,1980,21.0
3.0,48,63,152,https://steamcdn-a.akamaihd.net/apps/dota2/images/team_logos/15.png,7,PSG.LGD,1246,1,125,2,10,PVP eSports Championship,professional,10128,4155083070,59,285,18742.0,https://steamcdn-a.akamaihd.net/apps/dota2/images/team_logos/1838315.png,30,Team Secret,True,12990.0,5,http://replay152.valve.net/570/4155083070_1603796653.dem.bz2,1538826310,1792,2047,21.0
3.0,52,63,153,https://steamusercontent-a.akamaihd.net/ugc/921419892343311884/2F63CC540B459B75959558D7BA9992510A445A37/,23,Admiral Dota,1933,1,170,2,10,PVP eSports Championship,professional,10128,4153457727,16,132,22268.0,https://steamcdn-a.akamaihd.net/apps/dota2/images/team_logos/15.png,39,PSG.LGD,True,29979.0,5,http://replay153.valve.net/570/4153457727_2031968018.dem.bz2,1538745377,256,1854,21.0
6.0,3,63,155,https://steamusercontent-a.akamaihd.net/ugc/90471871131479396/165E12DC9CF542FF89D0C01017E6ACA05B5A03A7/,24,BOOM ID,2281,1,0,2,10,PVP eSports Championship,professional,10128,4153176605,42,262,19561.0,https://steamcdn-a.akamaihd.net/apps/dota2/images/team_logos/15.png,31,PSG.LGD,True,25697.0,5,http://replay155.valve.net/570/4153176605_285956199.dem.bz2,1538735284,1542,1844,21.0
1.0,63,0,224,,68,,3243,1,0,3,10,,,0,4141972868,0,1,-25015.0,,45,,False,-3748.0,12,http://replay224.valve.net/570/4141972868_299441029.dem.bz2,1538157596,1846,0,21.0
,63,51,224,,41,,2152,1,231,2,10,,,0,4201438771,1,3,,,30,,False,,12,http://replay224.valve.net/570/4201438771_1656939254.dem.bz2,1541251616,1958,1542,
,63,61,224,,30,,1775,1,8,2,10,,,0,4201349578,1,0,,,16,,False,,12,http://replay224.valve.net/570/4201349578_1039052938.dem.bz2,1541248891,2038,1824,
,3,63,224,,15,,1263,1,2,2,10,,,0,4201283251,0,0,,,68,,True,,12,http://replay224.valve.net/570/4201283251_1877634377.dem.bz2,1541246786,4,2047,
,0,31,224,,35,,2760,1,117,3,10,,,0,4199707304,0,0,,,54,,True,,12,http://replay224.valve.net/570/4199707304_1664674742.dem.bz2,1541169658,0,1590,
,63,0,224,,50,,1648,1,175,3,10,,,0,4199623885,0,0,,,17,,False,,12,http://replay224.valve.net/570/4199623885_233093617.dem.bz2,1541167064,2046,0,
,48,63,224,,26,,1951,1,133,3,10,,,0,4204830120,0,0,,,32,,True,,12,http://replay224.valve.net/570/4204830120_1757223243.dem.bz2,1541415054,448,1974,
,63,51,224,,38,,2449,1,16,3,10,,,0,4204601112,5,5,,,27,,False,,12,http://replay224.valve.net/570/4204601112_601262563.dem.bz2,1541403866,1972,262,
,51,63,224,,29,,1746,1,43,3,10,,,0,4203230787,0,0,,,34,,True,,12,http://replay224.valve.net/570/4203230787_208262924.dem.bz2,1541332169,448,1974,
,63,0,224,,25,,2128,1,141,3,10,,,0,4203152703,0,1,,,29,,False,,12,http://replay224.valve.net/570/4203152703_113641500.dem.bz2,1541329532,1972,0,
,63,48,224,,41,,2291,1,0,3,10,,,0,4203067044,0,0,,,31,,False,,12,http://replay224.valve.net/570/4203067044_236415828.dem.bz2,1541326375,1974,256,
,63,0,227,,31,,1870,1,0,3,10,,,0,4205560931,0,0,,,15,,False,,20,http://replay227.valve.net/570/4205560931_1567095109.dem.bz2,1541443048,2038,0,
,63,63,224,,42,,2434,1,45,3,10,,,0,4205472635,0,0,,,30,,False,,12,http://replay224.valve.net/570/4205472635_873531039.dem.bz2,1541438789,2036,32,
,63,0,224,,26,,1620,1,10,3,10,,,0,4205429011,0,0,,,19,,False,,12,http://replay224.valve.net/570/4205429011_545273546.dem.bz2,1541436817,1974,0,
,48,63,224,,17,,1686,1,23,3,10,,,0,4205372570,0,0,,,46,,True,,12,http://replay224.valve.net/570/4205372570_646470175.dem.bz2,1541434438,0,2047,
,0,63,223,,30,,1886,1,77,3,10,,,0,4205308009,0,0,,,49,,True,,18,http://replay223.valve.net/570/4205308009_1490770223.dem.bz2,1541431815,0,2047,
,63,3,224,,33,,2108,1,386,3,10,,,0,4205180918,0,0,,,20,,False,,12,http://replay224.valve.net/570/4205180918_1638750596.dem.bz2,1541427395,1974,4,
,63,0,227,,40,,1857,1,267,3,10,,,0,4205113533,0,0,,,23,,False,,20,http://replay227.valve.net/570/4205113533_1630724815.dem.bz2,1541425166,1974,0,
,60,0,224,,34,,1576,1,197,3,10,,,0,4204761666,2,0,,,12,,False,,12,http://replay224.valve.net/570/4204761666_1808271873.dem.bz2,1541412011,1848,0,
,63,51,224,,51,,2655,1,166,3,10,,,0,4204694335,0,0,,,30,,False,,12,http://replay224.valve.net/570/4204694335_1097931865.dem.bz2,1541408762,1956,4,
,0,63,224,,9,,1417,1,195,3,10,,,0,4204652857,0,1,,,29,,True,,12,http://replay224.valve.net/570/4204652857_1613637601.dem.bz2,1541406660,0,1982,
,63,0,224,,49,,2258,1,85,3,10,,,0,4199539474,0,0,,,45,,False,,12,http://replay224.valve.net/570/4199539474_801595793.dem.bz2,1541164417,2047,0,
0.0,63,51,224,,46,,2011,1,126,3,10,,,0,4198889414,0,0,-24052.0,,19,,False,-38893.0,12,http://replay224.valve.net/570/4198889414_1342122053.dem.bz2,1541133955,1974,260,21.0
0.0,0,3,224,,38,,2392,1,173,3,10,,,0,4197925585,0,0,13909.0,,43,,True,7752.0,12,http://replay224.valve.net/570/4197925585_201881831.dem.bz2,1541079704,0,1540,21.0
,51,63,224,,4,,812,1,39,3,10,,,0,4197265487,0,0,,,17,,True,,12,http://replay224.valve.net/570/4197265487_503546199.dem.bz2,1541047907,390,2047,
0.0,3,63,224,,22,,1781,1,8,3,10,,,0,4196537073,0,0,13786.0,,38,,True,15001.0,12,http://replay224.valve.net/570/4196537073_1492270493.dem.bz2,1540999393,4,1975,21.0
,60,3,224,,51,,3180,1,0,3,10,,,0,4204945407,4,3,,,51,,False,,12,http://replay224.valve.net/570/4204945407_2088326075.dem.bz2,1541419492,1024,4,
,35,63,227,,17,,1936,1,184,3,10,,,0,4203063218,0,0,,,31,,True,,20,http://replay227.valve.net/570/4203063218_1864817395.dem.bz2,1541326239,4,1982,
,63,63,223,,31,,2535,1,126,3,10,,,0,4202976554,0,1,,,60,,True,,18,http://replay223.valve.net/570/4202976554_736394104.dem.bz2,1541322964,384,1572,
,3,63,224,,7,,1028,1,6,3,10,,,0,4202923724,0,0,,,28,,True,,12,http://replay224.valve.net/570/4202923724_1496314688.dem.bz2,1541320950,6,1983,
,63,2,224,,35,,1506,1,0,3,10,,,0,4202871366,0,0,,,10,,False,,12,http://replay224.valve.net/570/4202871366_926379595.dem.bz2,1541318965,2038,0,
,48,63,227,,31,,2480,1,9,3,10,,,0,4205546710,0,0,,,62,,True,,20,http://replay227.valve.net/570/4205546710_616962690.dem.bz2,1541442333,256,1983,
,63,0,227,,50,,2043,1,43,3,10,,,0,4205491476,0,0,,,25,,False,,20,http://replay227.valve.net/570/4205491476_1231422480.dem.bz2,1541439671,2039,0,
,63,3,224,,51,,2150,1,37,3,10,,,0,4205308921,0,0,,,28,,False,,12,http://replay224.valve.net/570/4205308921_95781196.dem.bz2,1541431858,1974,4,
,51,60,227,,48,,2636,1,88,3,10,,,0,4205209921,0,0,,,42,,True,,20,http://replay227.valve.net/570/4205209921_180090961.dem.bz2,1541428356,454,1568,
,0,51,223,,42,,2892,1,131,3,10,,,0,4205063939,0,0,,,48,,True,,18,http://replay223.valve.net/570/4205063939_1694674927.dem.bz2,1541423521,0,1796,
,3,63,223,,8,,1976,1,223,3,10,,,0,4204368743,0,0,,,31,,True,,18,http://replay223.valve.net/570/4204368743_1307191127.dem.bz2,1541388213,4,1844,
,48,63,223,,32,,2625,1,103,3,10,,,0,4204327984,0,0,,,35,,True,,18,http://replay223.valve.net/570/4204327984_1349961917.dem.bz2,1541384859,256,1846,
,63,0,227,,53,,2190,1,138,3,10,,,0,4202734914,0,0,,,29,,False,,20,http://replay227.valve.net/570/4202734914_1112471391.dem.bz2,1541313493,2047,0,
,15,51,227,,60,,2624,1,118,3,10,,,0,4202664166,0,0,,,53,,False,,20,http://replay227.valve.net/570/4202664166_186741948.dem.bz2,1541310359,1572,262,
,3,63,224,,19,,1940,1,10,3,10,,,0,4202604229,0,0,,,30,,True,,12,http://replay224.valve.net/570/4202604229_1292240200.dem.bz2,1541307460,4,1983,
,63,0,225,,53,,3353,1,68,3,10,,,0,4203288728,0,0,,,33,,False,,17,http://replay225.valve.net/570/4203288728_1298543989.dem.bz2,1541334063,1828,0,
,3,63,225,,33,,3058,1,135,3,10,,,0,4203180693,0,0,,,48,,True,,17,http://replay225.valve.net/570/4203180693_266530731.dem.bz2,1541330507,4,1846,
,63,0,224,,36,,2555,1,85,3,10,,,0,4203097249,0,0,,,30,,False,,12,http://replay224.valve.net/570/4203097249_1564350756.dem.bz2,1541327515,1830,0,
,63,0,224,,38,,2716,1,201,3,10,,,0,4203006010,0,0,,,29,,False,,12,http://replay224.valve.net/570/4203006010_1601108437.dem.bz2,1541324062,1974,0,
,0,63,224,,12,,1429,1,24,3,10,,,0,4202944447,0,0,,,28,,True,,12,http://replay224.valve.net/570/4202944447_835338358.dem.bz2,1541321723,0,1983,
,60,3,224,,48,,1651,1,0,3,10,,,0,4205303183,0,1,,,17,,False,,12,http://replay224.valve.net/570/4205303183_224653640.dem.bz2,1541431650,1976,6,
0.0,0,63,224,,25,,2016,1,90,3,10,,,0,4205041666,0,0,18575.0,,38,,True,14749.0,12,http://replay224.valve.net/570/4205041666_155168255.dem.bz2,1541422818,0,1846,21.0
,0,63,224,,25,,1982,1,77,3,10,,,0,4204439199,0,1,,,32,,True,,12,http://replay224.valve.net/570/4204439199_81613886.dem.bz2,1541393624,0,1846,
,63,48,227,,42,,1631,1,85,3,10,,,0,4203573943,0,0,,,17,,False,,20,http://replay227.valve.net/570/4203573943_1792288808.dem.bz2,1541343037,2046,384,
,8,51,224,,64,,3336,1,71,3,10,,,0,4203428265,0,0,,,70,,True,,12,http://replay224.valve.net/570/4203428265_670413146.dem.bz2,1541338424,0,1926,
0.0,63,0,224,,50,,2243,1,36,3,10,,,0,4194756163,0,0,-22933.0,,25,,False,-14179.0,12,http://replay224.valve.net/570/4194756163_198204141.dem.bz2,1540905643,2038,0,21.0
0.0,3,63,224,,34,,2066,1,111,3,10,,,0,4194678604,0,0,20756.0,,47,,True,26024.0,12,http://replay224.valve.net/570/4194678604_543114984.dem.bz2,1540902971,4,1974,21.0
0.0,63,0,224,,34,,1738,1,0,3,10,,,0,4194619563,0,3,-14457.0,,18,,False,-6700.0,12,http://replay224.valve.net/570/4194619563_1917126431.dem.bz2,1540900805,1958,0,21.0
0.0,0,63,223,,22,,1758,1,35,3,10,,,0,4193356337,0,0,35293.0,,43,,True,36681.0,18,http://replay223.valve.net/570/4193356337_389253811.dem.bz2,1540824785,0,1983,21.0
,48,63,227,,20,,1841,1,103,3,10,,,0,4204754035,0,0,,,32,,True,,20,http://replay227.valve.net/570/4204754035_1020127003.dem.bz2,1541411653,384,1847,
,3,63,224,,20,,1935,1,167,3,10,,,0,4204629694,0,0,,,35,,True,,12,http://replay224.valve.net/570/4204629694_441059673.dem.bz2,1541405451,0,1847,
,0,63,224,,28,,2136,1,229,3,10,,,0,4204583726,0,0,,,37,,True,,12,http://replay224.valve.net/570/4204583726_251274088.dem.bz2,1541402903,0,1854,
,63,0,224,,45,,2467,1,102,3,10,,,0,4203092587,0,2,,,31,,False,,12,http://replay224.valve.net/570/4203092587_799087029.dem.bz2,1541327337,1974,0,
,63,63,224,,20,,1788,1,143,3,10,,,0,4203620377,0,6,,,32,,True,,12,http://replay224.valve.net/570/4203620377_981576648.dem.bz2,1541344596,260,1855,
,63,3,224,,48,,2079,1,4,3,10,,,0,4203501647,0,19,,,24,,False,,12,http://replay224.valve.net/570/4203501647_1845864597.dem.bz2,1541340710,2046,4,
,63,63,224,,3,,811,1,0,3,10,,,0,4198007992,0,5,,,24,,True,,12,http://replay224.valve.net/570/4198007992_1038870012.dem.bz2,1541082454,1982,2047,
0.0,15,51,224,,47,,2426,1,12,3,10,,,0,4197910369,4,13,-11015.0,,34,,False,-17504.0,12,http://replay224.valve.net/570/4197910369_1987750333.dem.bz2,1541079182,564,260,21.0
0.0,63,48,224,,42,,1572,1,78,3,10,,,0,4196544032,0,2,-15309.0,,15,,False,-13161.0,12,http://replay224.valve.net/570/4196544032_346887267.dem.bz2,1540999656,1974,256,21.0
1.0,63,51,224,https://steamcdn-a.akamaihd.net/apps/dota2/images/team_logos/5066616.png,31,Team Serenity,1733,1,74,2,10,VARENA赛事,professional,10365,4203336876,0,5,-16252.0,https://steamusercontent-a.akamaihd.net/ugc/947328169455435647/A61E86616343EA7B69426F36B0C5B70FDFFB51C6/,14,Aurora Esports club,False,-9070.0,12,http://replay224.valve.net/570/4203336876_284928565.dem.bz2,1541335581,2038,1796,21.0
0.0,63,63,224,https://steamcdn-a.akamaihd.net/apps/dota2/images/team_logos/5066616.png,18,Team Serenity,2121,1,101,2,10,VARENA赛事,professional,10365,4203231316,20,61,16884.0,https://steamusercontent-a.akamaihd.net/ugc/947328169455435647/A61E86616343EA7B69426F36B0C5B70FDFFB51C6/,36,Aurora Esports club,True,29528.0,12,http://replay224.valve.net/570/4203231316_1258930622.dem.bz2,1541332216,1796,1974,21.0
1.0,1,63,224,https://steamusercontent-a.akamaihd.net/ugc/947328169455435647/A61E86616343EA7B69426F36B0C5B70FDFFB51C6/,13,Aurora Esports club,1768,1,122,2,10,VARENA赛事,professional,10365,4203149071,12,35,11423.0,https://steamcdn-a.akamaihd.net/apps/dota2/images/team_logos/5066616.png,22,Team Serenity,True,6050.0,12,http://replay224.valve.net/570/4203149071_1754844704.dem.bz2,1541329409,1536,1846,21.0
0.0,0,59,224,https://steamcdn-a.akamaihd.net/apps/dota2/images/team_logos/20.png,25,Newbee.mgb,2792,1,138,2,10,VARENA赛事,professional,10365,4202840964,14,59,4075.0,https://steamcdn-a.akamaihd.net/apps/dota2/images/team_logos/5066616.png,41,Team Serenity,True,19897.0,12,http://replay224.valve.net/570/4202840964_1883726367.dem.bz2,1541317802,0,1798,21.0
1.0,63,63,224,https://steamcdn-a.akamaihd.net/apps/dota2/images/team_logos/5066616.png,15,Team Serenity,1652,1,44,2,10,VARENA赛事,professional,10365,4202772041,3,27,3317.0,https://steamcdn-a.akamaihd.net/apps/dota2/images/team_logos/20.png,25,Newbee.mgb,True,7756.0,12,http://replay224.valve.net/570/4202772041_763428368.dem.bz2,1541315035,1974,1974,21.0
,51,63,223,,32,,2035,1,257,3,10,,,0,4205311252,0,0,,,28,,True,,18,http://replay223.valve.net/570/4205311252_1795267897.dem.bz2,1541431933,256,1956,
0.0,0,63,224,,24,,2032,1,193,3,10,,,0,4205226839,0,0,26741.0,,53,,True,29310.0,12,http://replay224.valve.net/570/4205226839_600214154.dem.bz2,1541428931,0,1847,21.0
0.0,63,0,224,,38,,2153,1,85,3,10,,,0,4205147359,0,1,-18617.0,,18,,False,-25921.0,12,http://replay224.valve.net/570/4205147359_1049415509.dem.bz2,1541426286,1972,0,21.0
,55,48,227,,44,,2579,1,10,3,10,,,0,4204677622,0,0,,,42,,False,,20,http://replay227.valve.net/570/4204677622_1312291557.dem.bz2,1541407928,1796,0,
,0,3,224,,48,,3946,1,47,3,10,,,0,4205395298,0,0,,,40,,False,,12,http://replay224.valve.net/570/4205395298_1551645899.dem.bz2,1541435363,1024,6,
,0,63,224,,29,,2390,1,75,3,10,,,0,4205325973,0,0,,,24,,True,,12,http://replay224.valve.net/570/4205325973_39539225.dem.bz2,1541432518,0,1591,
,0,63,224,,25,,1991,1,92,3,10,,,0,4205028033,0,0,,,46,,True,,12,http://replay224.valve.net/570/4205028033_1464671445.dem.bz2,1541422368,0,1983,
,0,63,223,,29,,2309,1,18,3,10,,,0,4204944181,0,0,,,41,,True,,18,http://replay223.valve.net/570/4204944181_537803250.dem.bz2,1541419463,0,1828,
,48,51,224,,53,,2713,1,64,3,10,,,0,4204770652,0,2,,,40,,True,,12,http://replay224.valve.net/570/4204770652_1579195301.dem.bz2,1541412428,256,1796,
,0,63,224,,22,,2274,1,152,3,10,,,0,4205119842,0,0,,,45,,True,,12,http://replay224.valve.net/570/4205119842_1027914949.dem.bz2,1541425375,0,1844,
0.0,63,0,224,,35,,1892,1,155,3,10,,,0,4205042306,0,2,-26714.0,,10,,False,-41073.0,12,http://replay224.valve.net/570/4205042306_1724581023.dem.bz2,1541422838,2046,0,21.0
,0,63,224,,22,,1737,1,4,3,10,,,0,4204979888,0,1,,,51,,True,,12,http://replay224.valve.net/570/4204979888_1150398689.dem.bz2,1541420717,0,2047,
,56,0,224,,61,,3089,1,85,3,10,,,0,4204880443,3,0,,,38,,False,,12,http://replay224.valve.net/570/4204880443_2099720234.dem.bz2,1541417101,1536,0,
,63,3,224,,42,,2320,1,8,3,10,,,0,4204813749,0,0,,,27,,False,,12,http://replay224.valve.net/570/4204813749_198414209.dem.bz2,1541414353,1956,6,
0.0,63,60,224,,28,,1416,1,57,3,10,,,0,4205519846,0,0,-21749.0,,11,,False,-27023.0,12,http://replay224.valve.net/570/4205519846_1248021502.dem.bz2,1541441019,2038,288,21.0
0.0,48,63,224,,19,,1718,1,165,3,10,,,0,4205473808,0,0,13951.0,,30,,True,13377.0,12,http://replay224.valve.net/570/4205473808_1767533723.dem.bz2,1541438842,384,1798,21.0
,0,63,224,,29,,2332,1,86,3,10,,,0,4205396959,0,0,,,41,,True,,12,http://replay224.valve.net/570/4205396959_344962724.dem.bz2,1541435426,0,1830,
0.0,63,0,224,,33,,1427,1,104,3,10,,,0,4205294905,0,0,-11438.0,,21,,False,-11499.0,12,http://replay224.valve.net/570/4205294905_925518578.dem.bz2,1541431348,1983,0,21.0
,63,51,224,,46,,2384,1,61,3,10,,,0,4205587458,0,0,,,32,,False,,12,http://replay224.valve.net/570/4205587458_1911473223.dem.bz2,1541444434,1974,260,
,0,63,224,,25,,1637,1,126,3,10,,,0,4205052744,0,0,,,44,,True,,12,http://replay224.valve.net/570/4205052744_543557679.dem.bz2,1541423188,0,1975,
,0,63,152,,20,,1581,1,6,22,10,,,0,4203687123,0,0,,,41,,True,,5,http://replay152.valve.net/570/4203687123_1477500536.dem.bz2,1541347040,0,2047,
0.0,51,63,156,,16,,1203,1,111,22,10,,,0,4203641206,0,0,11872.0,,21,,True,6638.0,5,http://replay156.valve.net/570/4203641206_567774366.dem.bz2,1541345343,260,1983,21.0
,59,59,152,,16,,2213,1,205,22,10,,,0,4203416309,0,0,,,25,,True,,5,http://replay152.valve.net/570/4203416309_1178189241.dem.bz2,1541338028,260,1796,
,51,63,227,,23,,1805,1,156,3,10,,,0,4205270910,0,0,,,35,,True,,20,http://replay227.valve.net/570/4205270910_534183.dem.bz2,1541430480,260,1975,
,0,63,224,,30,,2335,1,84,3,10,,,0,4205184295,0,0,,,28,,True,,12,http://replay224.valve.net/570/4205184295_777911285.dem.bz2,1541427500,0,1828,
,51,63,224,,42,,2563,1,80,3,10,,,0,4205092786,0,0,,,56,,True,,12,http://replay224.valve.net/570/4205092786_439006414.dem.bz2,1541424488,4,1828,
,0,44,227,,56,,3133,1,47,3,10,,,0,4204431121,0,0,,,33,,True,,20,http://replay227.valve.net/570/4204431121_2005345079.dem.bz2,1541393042,0,1568,
,3,63,224,,17,,1707,1,114,3,10,,,0,4204403521,0,0,,,37,,True,,12,http://replay224.valve.net/570/4204403521_1402951972.dem.bz2,1541390978,6,2038,
,0,51,224,,48,,2849,1,113,3,10,,,0,4205316983,0,0,,,60,,True,,12,http://replay224.valve.net/570/4205316983_50529155.dem.bz2,1541432172,0,1924,
,51,63,224,,31,,2473,1,136,3,10,,,0,4205233538,1,1,,,56,,True,,12,http://replay224.valve.net/570/4205233538_1708531669.dem.bz2,1541429163,260,1844,
,63,51,223,,32,,1341,1,186,3,10,,,0,4205179121,0,3,,,8,,False,,18,http://replay223.valve.net/570/4205179121_223422840.dem.bz2,1541427335,2046,388,
,63,15,224,,33,,1765,1,112,3,10,,,0,4205105514,0,0,,,31,,False,,12,http://replay224.valve.net/570/4205105514_1750708118.dem.bz2,1541424908,2038,54,
,63,0,224,,57,,2865,1,109,3,10,,,0,4205006300,0,0,,,38,,False,,12,http://replay224.valve.net/570/4205006300_1911550540.dem.bz2,1541421620,2022,0,
,51,63,224,,11,,1092,1,130,2,10,,,0,4201280687,0,0,,,27,,True,,12,http://replay224.valve.net/570/4201280687_1461809225.dem.bz2,1541246703,1796,2047,
0.0,63,51,224,,38,,2172,1,115,3,10,,,0,4197821959,1,0,-9934.0,,34,,False,-17203.0,12,http://replay224.valve.net/570/4197821959_1456657065.dem.bz2,1541076180,1956,262,21.0
0.0,48,63,224,,42,,3248,1,153,3,10,,,0,4191186361,0,1,12364.0,,46,,True,10509.0,12,http://replay224.valve.net/570/4191186361_665367127.dem.bz2,1540718438,0,1828,21.0
,63,51,224,,22,,1428,1,107,3,10,,,0,4205446627,0,0,,,17,,False,,12,http://replay224.valve.net/570/4205446627_1536965670.dem.bz2,1541437610,2046,260,
,48,63,224,,14,,1872,1,151,3,10,,,0,4205395467,0,0,,,32,,True,,12,http://replay224.valve.net/570/4205395467_1616232438.dem.bz2,1541435369,448,1958,
,63,0,224,,54,,2167,1,121,3,10,,,0,4205330084,0,0,,,21,,False,,12,http://replay224.valve.net/570/4205330084_1700312096.dem.bz2,1541432665,1846,0,
,48,0,227,,57,,3498,1,97,3,10,,,0,4205217412,1,5,,,60,,False,,20,http://replay227.valve.net/570/4205217412_1895248933.dem.bz2,1541428605,1280,0,
,63,31,224,,56,,2938,1,28,3,10,,,0,4205109896,0,6,,,43,,False,,12,http://replay224.valve.net/570/4205109896_1651873081.dem.bz2,1541425047,1956,38,
,3,63,227,,35,,2014,1,5,3,10,,,0,4203462614,0,0,,,32,,True,,20,http://replay227.valve.net/570/4203462614_1714722312.dem.bz2,1541339467,6,1974,
2.0,35,63,225,https://steamusercontent-a.akamaihd.net/ugc/964223216245764152/1ED526E5A3F62CDAEE85087ABF62ED782CB793BD/,35,Avalon,2396,1,3,2,10,gladiator-cup,professional,10053,4199279245,6,44,6543.0,https://steamusercontent-a.akamaihd.net/ugc/863986017474976890/346FE1A908919018F61AEE7DDEECC7E256A9652E/,46,KG.Luminous,True,10424.0,17,http://replay225.valve.net/570/4199279245_961073663.dem.bz2,1541154838,1540,1799,21.0
1.0,63,51,225,https://steamusercontent-a.akamaihd.net/ugc/863986017474976890/346FE1A908919018F61AEE7DDEECC7E256A9652E/,41,KG.Luminous,2402,1,168,2,10,gladiator-cup,professional,10053,4199191968,6,37,-13526.0,https://steamusercontent-a.akamaihd.net/ugc/964223216245764152/1ED526E5A3F62CDAEE85087ABF62ED782CB793BD/,26,Avalon,False,-19846.0,17,http://replay225.valve.net/570/4199191968_1585359179.dem.bz2,1541150750,1828,1796,21.0
0.0,63,60,224,,37,IamPoint Club,1900,1,86,2,10,gladiator-cup,professional,10053,4199109227,1,4,-24210.0,https://steamusercontent-a.akamaihd.net/ugc/863986017474976890/346FE1A908919018F61AEE7DDEECC7E256A9652E/,12,KG.Luminous,False,-25419.0,12,http://replay224.valve.net/570/4199109227_1092880406.dem.bz2,1541146620,2038,1840,21.0
0.0,56,63,224,https://steamusercontent-a.akamaihd.net/ugc/863986017474976890/346FE1A908919018F61AEE7DDEECC7E256A9652E/,13,KG.Luminous,1964,1,102,2,10,gladiator-cup,professional,10053,4199046945,3,22,18517.0,,27,IamPoint Club,True,12572.0,12,http://replay224.valve.net/570/4199046945_516816087.dem.bz2,1541143398,1280,1975,21.0
0.0,48,63,227,,26,,2108,1,127,3,10,,,0,4198093047,2,0,21363.0,,43,,True,27677.0,20,http://replay227.valve.net/570/4198093047_1078612182.dem.bz2,1541085402,256,1972,21.0
,63,51,227,,38,,1432,1,46,3,10,,,0,4205102555,0,0,,,23,,False,,20,http://replay227.valve.net/570/4205102555_425121989.dem.bz2,1541424802,2046,390,
,0,63,227,,25,,1760,1,70,3,10,,,0,4205026848,0,0,,,30,,True,,20,http://replay227.valve.net/570/4205026848_299012159.dem.bz2,1541422319,0,1975,
,0,63,224,,10,,1540,1,58,3,10,,,0,4204952781,0,0,,,20,,True,,12,http://replay224.valve.net/570/4204952781_1093047744.dem.bz2,1541419772,0,1975,
,3,63,227,,39,,2881,1,94,3,10,,,0,4204861041,0,1,,,43,,True,,20,http://replay227.valve.net/570/4204861041_161836984.dem.bz2,1541416327,4,1828,
,63,0,224,,21,,1611,1,167,3,10,,,0,4204808996,0,0,,,24,,False,,12,http://replay224.valve.net/570/4204808996_1448035392.dem.bz2,1541414157,1974,0,
0.0,15,63,224,,35,,2449,1,0,3,10,,,0,4205060305,0,0,13232.0,,39,,True,18079.0,12,http://replay224.valve.net/570/4205060305_1317216766.dem.bz2,1541423433,36,1958,21.0
,63,63,224,,1,,968,1,173,3,10,,,0,4205017488,0,0,,,17,,True,,12,http://replay224.valve.net/570/4205017488_1555930931.dem.bz2,1541422016,1958,2047,
,48,63,224,,8,,1582,1,5,3,10,,,0,4204950326,0,0,,,23,,True,,12,http://replay224.valve.net/570/4204950326_1722646605.dem.bz2,1541419671,256,1983,
,48,63,227,,17,,1912,1,297,3,10,,,0,4203372297,0,0,,,43,,True,,20,http://replay227.valve.net/570/4203372297_814481929.dem.bz2,1541336668,0,1983,
,0,63,156,,35,,2262,1,98,22,10,,,0,4203266417,0,0,,,45,,True,,5,http://replay156.valve.net/570/4203266417_1423397829.dem.bz2,1541333359,0,1975,
,11,63,224,,43,,2606,1,108,3,10,,,0,4205276177,0,0,,,51,,True,,12,http://replay224.valve.net/570/4205276177_1944272780.dem.bz2,1541430660,4,1846,
,51,63,224,,15,,1394,1,134,3,10,,,0,4203679251,0,0,,,37,,True,,12,http://replay224.valve.net/570/4203679251_1645931222.dem.bz2,1541346754,388,1855,
0.0,0,63,224,,23,,2322,1,26,3,10,,,0,4203589913,0,0,23162.0,,44,,True,38829.0,12,http://replay224.valve.net/570/4203589913_735553823.dem.bz2,1541343573,0,1974,21.0
,15,63,224,,47,,2967,1,23,3,10,,,0,4203285108,0,0,,,51,,True,,12,http://replay224.valve.net/570/4203285108_1385266139.dem.bz2,1541333948,0,1828,
,63,48,224,,45,,2628,1,69,3,10,,,0,4201499551,0,0,,,29,,False,,12,http://replay224.valve.net/570/4201499551_194204708.dem.bz2,1541253411,2036,256,
,63,63,224,,36,,1811,1,49,3,10,,,0,4204752470,0,0,,,41,,True,,12,http://replay224.valve.net/570/4204752470_615115789.dem.bz2,1541411567,260,2047,
,63,0,223,,39,,1564,1,90,2,10,,,0,4201367584,0,0,,,26,,False,,18,http://replay223.valve.net/570/4201367584_1166349108.dem.bz2,1541249448,2046,0,
,63,51,223,,50,,2064,1,287,2,10,,,0,4201272143,0,0,,,27,,False,,18,http://replay223.valve.net/570/4201272143_594249581.dem.bz2,1541246450,1982,260,
0.0,48,63,224,,20,,1582,1,9,3,10,,,0,4199039880,0,2,16273.0,,33,,True,25962.0,12,http://replay224.valve.net/570/4199039880_182427926.dem.bz2,1541142958,448,1975,21.0
0.0,0,63,152,,20,,1970,1,105,22,10,,,0,4205303160,0,0,21141.0,,39,,True,18306.0,5,http://replay152.valve.net/570/4205303160_174591756.dem.bz2,1541431644,0,1974,21.0
0.0,63,3,152,,39,,1666,1,2,22,10,,,0,4205243217,0,1,-14695.0,,17,,False,-24895.0,5,http://replay152.valve.net/570/4205243217_73176846.dem.bz2,1541429463,1974,7,21.0
1.0,63,0,152,,41,,3111,1,6,22,10,,,0,4205129829,0,0,-2134.0,,46,,False,-1309.0,5,http://replay152.valve.net/570/4205129829_2054377406.dem.bz2,1541425703,1792,0,21.0
1.0,0,63,156,,34,,1983,1,94,22,10,,,0,4205042182,0,0,13140.0,,39,,True,14903.0,5,http://replay156.valve.net/570/4205042182_585108332.dem.bz2,1541422839,0,1982,21.0
,14,63,156,,37,,2877,1,23,22,10,,,0,4204343795,0,3,,,51,,True,,5,http://replay156.valve.net/570/4204343795_2042502463.dem.bz2,1541386188,32,1854,
,0,63,224,,55,,2776,1,52,3,10,,,0,4204788306,0,0,,,56,,True,,12,http://replay224.valve.net/570/4204788306_714289423.dem.bz2,1541413233,0,1982,
,63,0,224,,47,,1779,1,5,3,10,,,0,4203490636,0,0,,,26,,False,,12,http://replay224.valve.net/570/4203490636_627598350.dem.bz2,1541340366,2046,0,
,3,63,224,,50,,3044,1,24,3,10,,,0,4203377258,0,0,,,35,,False,,12,http://replay224.valve.net/570/4203377258_2050958965.dem.bz2,1541336832,1536,388,
,63,0,223,,41,,3045,1,34,3,10,,,0,4202620036,0,0,,,24,,False,,18,http://replay223.valve.net/570/4202620036_232757783.dem.bz2,1541308250,1956,0,
0.0,48,63,227,,27,,1472,1,5,3,10,,,0,4191432188,0,0,10055.0,,34,,True,9725.0,20,http://replay227.valve.net/570/4191432188_777038604.dem.bz2,1540727446,384,2047,21.0
0.0,0,51,227,,58,,3777,1,0,3,10,,,0,4196573282,0,0,-9447.0,,50,,True,234.0,20,http://replay227.valve.net/570/4196573282_1979585903.dem.bz2,1541000765,0,772,21.0
,3,63,224,,32,,2707,1,9,3,10,,,0,4195940899,0,0,,,45,,True,,12,http://replay224.valve.net/570/4195940899_1372554685.dem.bz2,1540975545,0,1974,
,3,63,224,,47,,3292,1,39,3,10,,,0,4195868898,0,0,,,60,,True,,12,http://replay224.valve.net/570/4195868898_2104605066.dem.bz2,1540971585,4,1830,
0.0,51,0,224,,72,,3706,1,145,3,10,,,0,4195795663,0,1,-10197.0,,53,,False,-7521.0,12,http://replay224.valve.net/570/4195795663_1644466440.dem.bz2,1540967250,260,0,21.0
0.0,63,3,224,,31,,2040,1,68,3,10,,,0,4195753899,0,0,-13322.0,,17,,False,-17636.0,12,http://replay224.valve.net/570/4195753899_536830883.dem.bz2,1540964605,1980,4,21.0
,0,63,224,,19,,2167,1,140,3,10,,,0,4204994677,0,0,,,31,,True,,12,http://replay224.valve.net/570/4204994677_1470400273.dem.bz2,1541421232,0,1830,
,3,63,224,,18,,2182,1,233,3,10,,,0,4204919777,0,0,,,40,,True,,12,http://replay224.valve.net/570/4204919777_2123114973.dem.bz2,1541418593,4,1975,
0.0,51,63,224,,18,,2066,1,88,3,10,,,0,4204854823,1,1,24515.0,,34,,True,23279.0,12,http://replay224.valve.net/570/4204854823_970366429.dem.bz2,1541416080,260,1983,21.0
,0,63,224,,28,,2351,1,13,3,10,,,0,4204783217,0,0,,,41,,True,,12,http://replay224.valve.net/570/4204783217_244253376.dem.bz2,1541413001,0,1846,
1.0,0,63,153,,82,,3763,1,147,22,10,,,0,4205414611,0,0,-2902.0,,64,,True,-216.0,5,http://replay153.valve.net/570/4205414611_1733888098.dem.bz2,1541436183,0,1540,21.0
1.0,51,63,152,,19,,1687,1,0,22,10,,,0,4205360104,0,0,17647.0,,49,,True,24357.0,5,http://replay152.valve.net/570/4205360104_673932333.dem.bz2,1541433863,260,1974,21.0
1.0,63,3,152,,49,,2046,1,0,22,10,,,0,4205291896,0,1,-33052.0,,20,,False,-26153.0,5,http://replay152.valve.net/570/4205291896_418915004.dem.bz2,1541431233,2044,4,21.0
,63,0,151,,45,,1498,1,54,22,10,,,0,4205240728,0,0,,,18,,False,,5,http://replay151.valve.net/570/4205240728_1419348805.dem.bz2,1541429392,2046,0,
1.0,63,51,156,,34,,1511,1,146,22,10,,,0,4205170994,0,2,-11730.0,,12,,False,-17793.0,5,http://replay156.valve.net/570/4205170994_588745681.dem.bz2,1541427067,2038,262,21.0
,51,63,224,,5,,843,1,106,3,10,,,0,4205596937,0,1,,,24,,True,,12,http://replay224.valve.net/570/4205596937_1767199552.dem.bz2,1541444941,390,2047,
,63,0,224,,32,,1639,1,23,3,10,,,0,4205555253,0,0,,,15,,False,,12,http://replay224.valve.net/570/4205555253_22348341.dem.bz2,1541442755,2038,0,
,63,51,224,,26,,1538,1,237,3,10,,,0,4205510911,0,0,,,11,,False,,12,http://replay224.valve.net/570/4205510911_345677959.dem.bz2,1541440583,2046,260,
,63,0,227,,33,,2267,1,76,3,10,,,0,4205454313,0,1,,,24,,False,,20,http://replay227.valve.net/570/4205454313_1100136581.dem.bz2,1541437954,1972,0,
,51,63,227,,18,,1789,1,96,3,10,,,0,4205136062,0,0,,,53,,True,,20,http://replay227.valve.net/570/4205136062_155129755.dem.bz2,1541425914,260,2047,
0.0,63,48,224,,47,,2166,1,32,3,10,,,0,4204875666,3,8,-12136.0,,37,,False,-14025.0,12,http://replay224.valve.net/570/4204875666_1784117297.dem.bz2,1541416916,1972,0,21.0
,63,0,227,,39,,1486,1,84,3,10,,,0,4201744613,0,0,,,16,,False,,20,http://replay227.valve.net/570/4201744613_1125068524.dem.bz2,1541260931,2046,0,
,0,63,223,,12,,1709,1,97,3,10,,,0,4201598161,0,0,,,43,,True,,18,http://replay223.valve.net/570/4201598161_1249000085.dem.bz2,1541256380,0,2047,
0.0,3,63,224,,19,,1897,1,22,3,10,,,0,4196435281,0,0,27620.0,,49,,True,33724.0,12,http://replay224.valve.net/570/4196435281_876402634.dem.bz2,1540995807,4,1983,21.0
,63,0,224,,51,,2866,1,58,3,10,,,0,4187653651,0,0,,,27,,False,,12,http://replay224.valve.net/570/4187653651_1102011320.dem.bz2,1540564145,1956,0,
,47,0,227,,58,,3139,1,0,3,10,,,0,4186299781,0,0,,,39,,False,,20,http://replay227.valve.net/570/4186299781_113540444.dem.bz2,1540486203,548,0,
0.0,63,0,227,,51,,2551,1,74,3,10,,,0,4186217536,0,0,-17046.0,,41,,False,-11431.0,20,http://replay227.valve.net/570/4186217536_523219188.dem.bz2,1540482764,1846,0,21.0
0.0,0,63,224,,36,,2273,1,50,3,10,,,0,4186146169,0,0,10544.0,,37,,True,11686.0,12,http://replay224.valve.net/570/4186146169_123497209.dem.bz2,1540480063,0,1846,21.0
,0,63,224,,14,,1076,1,139,3,10,,,0,4195139348,0,0,,,26,,True,,12,http://replay224.valve.net/570/4195139348_732813081.dem.bz2,1540920125,0,2046,
0.0,3,63,223,,12,,1546,1,223,3,10,,,0,4195090713,0,0,12146.0,,29,,True,15990.0,18,http://replay223.valve.net/570/4195090713_195910537.dem.bz2,1540917939,6,1982,21.0
0.0,63,51,223,,37,,1341,1,5,3,10,,,0,4195045029,0,0,-13417.0,,18,,False,-16632.0,18,http://replay223.valve.net/570/4195045029_185094117.dem.bz2,1540915988,2046,390,21.0
,63,51,223,,48,,2029,1,82,3,10,,,0,4194986765,0,0,,,22,,False,,18,http://replay223.valve.net/570/4194986765_653368464.dem.bz2,1540913606,1828,262,
0.0,0,63,224,,32,,2086,1,61,3,10,,,0,4194918417,0,0,23171.0,,41,,True,23264.0,12,http://replay224.valve.net/570/4194918417_806610856.dem.bz2,1540911121,0,2047,21.0
,63,0,224,,40,,2670,1,70,3,10,,,0,4205001886,0,0,,,35,,False,,12,http://replay224.valve.net/570/4205001886_28416730.dem.bz2,1541421468,1956,0,
,0,51,224,,48,,3060,1,86,3,10,,,0,4204888925,0,0,,,42,,True,,12,http://replay224.valve.net/570/4204888925_1028226919.dem.bz2,1541417427,0,1798,
,63,48,224,,31,,1573,1,108,3,10,,,0,4204780816,0,0,,,19,,False,,12,http://replay224.valve.net/570/4204780816_1609214883.dem.bz2,1541412883,1968,384,
,51,47,224,,40,,2994,1,47,3,10,,,0,4205068865,4,16,,,35,,True,,12,http://replay224.valve.net/570/4205068865_957397577.dem.bz2,1541423703,260,1574,
,63,0,224,,44,,1661,1,77,3,10,,,0,4203489154,0,0,,,13,,False,,12,http://replay224.valve.net/570/4203489154_110444351.dem.bz2,1541340317,1974,0,
,63,0,227,,35,,2436,1,0,3,10,,,0,4203377320,0,0,,,30,,False,,20,http://replay227.valve.net/570/4203377320_1047787351.dem.bz2,1541336838,2038,0,
,0,63,224,,24,,1788,1,50,3,10,,,0,4205264623,0,0,,,48,,True,,12,http://replay224.valve.net/570/4205264623_801132973.dem.bz2,1541430248,0,1982,
,51,63,224,,17,,1804,1,0,3,10,,,0,4205147157,0,0,,,42,,True,,12,http://replay224.valve.net/570/4205147157_1111706190.dem.bz2,1541426276,260,1855,
,63,3,223,,51,,2215,1,93,3,10,,,0,4205066554,0,0,,,36,,False,,18,http://replay223.valve.net/570/4205066554_1675085434.dem.bz2,1541423626,1974,6,
,63,0,224,,64,,2522,1,103,3,10,,,0,4203528824,0,5,,,41,,False,,12,http://replay224.valve.net/570/4203528824_1707134178.dem.bz2,1541341581,1974,0,
,63,48,224,,48,,2249,1,160,3,10,,,0,4199791675,0,0,,,28,,False,,12,http://replay224.valve.net/570/4199791675_7539807.dem.bz2,1541172363,2038,0,
,3,63,224,,26,,1879,1,0,3,10,,,0,4199720661,0,0,,,37,,True,,12,http://replay224.valve.net/570/4199720661_336566629.dem.bz2,1541170084,4,2047,
0.0,63,0,224,,40,,2147,1,38,3,10,,,0,4198133249,0,0,-18527.0,,23,,False,-23607.0,12,http://replay224.valve.net/570/4198133249_1252574016.dem.bz2,1541086868,1974,0,21.0
,63,0,224,,53,,2772,1,89,3,10,,,0,4205485955,0,0,,,39,,False,,12,http://replay224.valve.net/570/4205485955_631245521.dem.bz2,1541439392,1844,0,
0.0,51,63,224,,17,,1779,1,235,3,10,,,0,4205416468,0,0,13026.0,,30,,True,22463.0,12,http://replay224.valve.net/570/4205416468_1204027125.dem.bz2,1541436270,388,1974,21.0
,63,3,224,,20,,1313,1,128,3,10,,,0,4204429801,0,0,,,11,,False,,12,http://replay224.valve.net/570/4204429801_1340933028.dem.bz2,1541392947,2046,7,
,63,51,224,,49,,2326,1,20,3,10,,,0,4203428956,0,0,,,22,,False,,12,http://replay224.valve.net/570/4203428956_1018965749.dem.bz2,1541338442,1844,260,
0.0,60,63,224,,31,,2203,1,59,3,10,,,0,4203333099,0,0,18417.0,,51,,True,17946.0,12,http://replay224.valve.net/570/4203333099_403999895.dem.bz2,1541335449,256,1830,21.0
,0,51,224,,33,,2106,1,90,3,10,,,0,4204988154,0,0,,,34,,True,,12,http://replay224.valve.net/570/4204988154_583106942.dem.bz2,1541421007,0,1798,
,63,51,224,,31,,2669,1,57,3,10,,,0,4204900638,0,0,,,27,,False,,12,http://replay224.valve.net/570/4204900638_780438089.dem.bz2,1541417875,1956,6,
,63,0,224,,41,,2521,1,47,3,10,,,0,4204805743,1,0,,,28,,False,,12,http://replay224.valve.net/570/4204805743_1310592776.dem.bz2,1541414011,1956,0,
,0,63,224,,22,,2328,1,292,3,10,,,0,4205615372,0,0,,,43,,True,,12,http://replay224.valve.net/570/4205615372_150843721.dem.bz2,1541445944,0,1974,
,0,63,224,,25,,2092,1,0,3,10,,,0,4205564421,0,0,,,36,,True,,12,http://replay224.valve.net/570/4205564421_1213797661.dem.bz2,1541443222,0,2040,
,0,51,224,,53,,3157,1,124,4,10,,,0,4205491632,0,0,,,59,,True,,12,http://replay224.valve.net/570/4205491632_241256547.dem.bz2,1541439679,0,1796,
,63,0,227,,36,,2032,1,111,4,10,,,0,4205417054,0,0,,,35,,False,,20,http://replay227.valve.net/570/4205417054_238973924.dem.bz2,1541436294,2038,0,
,48,63,225,,5,,1083,1,117,4,10,,,0,4205372220,0,0,,,20,,True,,17,http://replay225.valve.net/570/4205372220_1801178260.dem.bz2,1541434427,0,2047,
,63,48,224,,38,,2385,1,5,3,10,,,0,4205195279,0,0,,,39,,False,,12,http://replay224.valve.net/570/4205195279_876596427.dem.bz2,1541427843,1828,256,
,51,63,227,,17,,1896,1,147,3,10,,,0,4205119239,0,0,,,42,,True,,20,http://replay227.valve.net/570/4205119239_1356844414.dem.bz2,1541425352,390,1844,
,51,63,224,,20,,1552,1,24,3,10,,,0,4205038532,0,0,,,49,,True,,12,http://replay224.valve.net/570/4205038532_410111824.dem.bz2,1541422719,388,1983,
,63,0,224,,39,,2056,1,181,3,10,,,0,4204962126,0,0,,,20,,False,,12,http://replay224.valve.net/570/4204962126_1166577715.dem.bz2,1541420072,1958,0,
,63,0,224,,36,,2459,1,199,3,10,,,0,4204881094,0,0,,,32,,False,,12,http://replay224.valve.net/570/4204881094_2026106531.dem.bz2,1541417116,1956,0,
0.0,51,63,224,,18,,2117,1,163,3,10,,,0,4193401298,0,0,22078.0,,42,,True,37544.0,12,http://replay224.valve.net/570/4193401298_710110542.dem.bz2,1540826427,256,1959,21.0
0.0,0,63,227,,11,,1582,1,85,3,10,,,0,4187425479,0,0,15907.0,,35,,True,11717.0,20,http://replay227.valve.net/570/4187425479_1702757309.dem.bz2,1540556869,0,1975,21.0
0.0,51,0,227,,48,,2777,1,20,3,10,,,0,4187151550,0,0,-12560.0,,43,,False,-7147.0,20,http://replay227.valve.net/570/4187151550_706197602.dem.bz2,1540544808,388,0,21.0
0.0,51,63,223,,25,,2120,1,112,3,10,,,0,4186029956,0,0,15003.0,,36,,True,17729.0,18,http://replay223.valve.net/570/4186029956_1951747654.dem.bz2,1540475929,260,1983,21.0
0.0,15,63,224,,35,,2052,1,115,3,10,,,0,4185956717,0,0,14455.0,,48,,True,21141.0,12,http://replay224.valve.net/570/4185956717_59498087.dem.bz2,1540473393,4,1831,21.0
0.0,63,0,224,,54,,2902,1,0,3,10,,,0,4190218331,0,1,-8411.0,,44,,False,-15205.0,12,http://replay224.valve.net/570/4190218331_1516699849.dem.bz2,1540665624,1926,0,21.0
,0,63,224,,20,,1782,1,49,3,10,,,0,4190165685,0,0,,,38,,True,,12,http://replay224.valve.net/570/4190165685_1714763724.dem.bz2,1540663421,0,1855,
,48,63,224,,19,,1692,1,82,3,10,,,0,4190110293,0,0,,,43,,True,,12,http://replay224.valve.net/570/4190110293_88120003.dem.bz2,1540661329,384,1983,
1.0,48,63,224,,12,,1203,1,0,3,10,,,0,4190066796,0,0,14342.0,,37,,True,9958.0,12,http://replay224.valve.net/570/4190066796_518472733.dem.bz2,1540659714,384,2047,21.0
0.0,0,63,224,,23,,2229,1,7,3,10,,,0,4189987180,0,0,24367.0,,56,,True,30353.0,12,http://replay224.valve.net/570/4189987180_4872293.dem.bz2,1540656911,0,1982,21.0
0.0,51,63,224,,33,,1984,1,7,3,10,,,0,4205566901,0,0,22083.0,,46,,True,25989.0,12,http://replay224.valve.net/570/4205566901_1538290195.dem.bz2,1541443312,260,1983,21.0
,3,63,224,,22,,2431,1,92,3,10,,,0,4205502534,0,0,,,51,,True,,12,http://replay224.valve.net/570/4205502534_1609826215.dem.bz2,1541440189,0,1982,
,3,63,224,,20,,1932,1,75,3,10,,,0,4205452938,0,0,,,47,,True,,12,http://replay224.valve.net/570/4205452938_374864988.dem.bz2,1541437886,4,1983,
,51,63,224,,21,,2631,1,106,3,10,,,0,4205377495,0,0,,,37,,True,,12,http://replay224.valve.net/570/4205377495_885078465.dem.bz2,1541434627,388,1840,
,48,0,224,,54,,3152,1,118,3,10,,,0,4205288197,0,0,,,50,,False,,12,http://replay224.valve.net/570/4205288197_727749049.dem.bz2,1541431095,384,0,
,51,63,223,,18,,1722,1,4,3,10,,,0,4203389431,0,0,,,59,,True,,18,http://replay223.valve.net/570/4203389431_1869845789.dem.bz2,1541337207,390,1974,
,51,48,223,,46,,2485,1,112,3,10,,,0,4202901337,0,0,,,45,,True,,18,http://replay223.valve.net/570/4202901337_598804217.dem.bz2,1541320116,260,1792,
,63,0,224,,41,,1670,1,0,3,10,,,0,4202847480,0,0,,,21,,False,,12,http://replay224.valve.net/570/4202847480_1544382983.dem.bz2,1541318045,2046,0,
0.0,63,63,224,,3,,723,1,162,3,10,,,0,4202689289,0,0,5105.0,,17,,True,6039.0,12,http://replay224.valve.net/570/4202689289_1819034503.dem.bz2,1541311515,2038,2047,21.0
,48,63,224,,11,,1341,1,97,3,10,,,0,4202651042,0,0,,,28,,True,,12,http://replay224.valve.net/570/4202651042_446457346.dem.bz2,1541309739,384,1975,
,63,0,224,,48,,2947,1,225,3,10,,,0,4205424488,0,0,,,36,,False,,12,http://replay224.valve.net/570/4205424488_526982147.dem.bz2,1541436623,1844,0,
,63,0,224,,29,,2698,1,146,3,10,,,0,4205323765,0,0,,,10,,False,,12,http://replay224.valve.net/570/4205323765_258066021.dem.bz2,1541432434,1828,0,
,0,63,224,,20,,1481,1,8,3,10,,,0,4205182680,0,0,,,36,,True,,12,http://replay224.valve.net/570/4205182680_1730094079.dem.bz2,1541427439,0,1975,
,51,48,224,,51,,3568,1,0,3,10,,,0,4205028342,0,0,,,64,,True,,12,http://replay224.valve.net/570/4205028342_853688846.dem.bz2,1541422381,260,1792,
,63,51,224,,47,,1636,1,30,3,10,,,0,4204935394,0,0,,,26,,False,,12,http://replay224.valve.net/570/4204935394_53493958.dem.bz2,1541419141,2038,262,
,63,3,224,,53,,2957,1,109,3,10,,,0,4204661300,0,0,,,25,,False,,12,http://replay224.valve.net/570/4204661300_1294213507.dem.bz2,1541407083,1828,0,
,0,51,227,,39,,2724,1,36,3,10,,,0,4204532887,0,0,,,47,,True,,20,http://replay227.valve.net/570/4204532887_201901578.dem.bz2,1541399875,0,1792,
,0,63,224,,31,,3073,1,8,3,10,,,0,4203202892,0,0,,,24,,True,,12,http://replay224.valve.net/570/4203202892_1551274116.dem.bz2,1541331263,0,1975,
,51,63,224,,8,,980,1,32,3,10,,,0,4203160224,0,0,,,13,,True,,12,http://replay224.valve.net/570/4203160224_1065613905.dem.bz2,1541329798,262,1983,
0.0,60,3,224,,49,,2557,1,47,3,10,,,0,4202831412,0,0,-7668.0,,52,,False,-3081.0,12,http://replay224.valve.net/570/4202831412_426303646.dem.bz2,1541317418,1280,6,21.0
0.0,51,63,227,,24,,1930,1,114,3,10,,,0,4205158147,0,0,17405.0,,42,,True,27322.0,20,http://replay227.valve.net/570/4205158147_1667544225.dem.bz2,1541426638,388,1975,21.0
0.0,60,51,224,,46,,2598,1,65,3,10,,,0,4205061260,0,0,980.0,,44,,False,-4224.0,12,http://replay224.valve.net/570/4205061260_837433026.dem.bz2,1541423462,1312,388,21.0
,0,63,227,,30,,2160,1,119,3,10,,,0,4204985859,0,0,,,45,,True,,20,http://replay227.valve.net/570/4204985859_516687876.dem.bz2,1541420925,0,2047,
,48,63,224,,13,,1406,1,85,3,10,,,0,4204934299,0,0,,,27,,True,,12,http://replay224.valve.net/570/4204934299_1696448772.dem.bz2,1541419112,384,1983,
,0,63,227,,18,,1936,1,171,3,10,,,0,4204870975,0,0,,,43,,True,,20,http://replay227.valve.net/570/4204870975_2139516941.dem.bz2,1541416722,0,2047,
,60,3,224,,40,,2606,1,13,3,10,,,0,4205385884,0,0,,,44,,False,,12,http://replay224.valve.net/570/4205385884_928017717.dem.bz2,1541434961,1968,6,
,0,63,227,,23,,1473,1,0,3,10,,,0,4205091790,0,0,,,30,,True,,20,http://replay227.valve.net/570/4205091790_823497356.dem.bz2,1541424435,0,1983,
,63,3,223,,41,,1758,1,0,3,10,,,0,4203562372,0,0,,,32,,False,,18,http://replay223.valve.net/570/4203562372_1239170886.dem.bz2,1541342653,2046,6,
,63,0,223,,43,,1736,1,2,3,10,,,0,4205436508,0,0,,,29,,False,,18,http://replay223.valve.net/570/4205436508_1503640494.dem.bz2,1541437158,2046,0,
,49,63,227,,25,,2121,1,47,3,10,,,0,4204905226,0,0,,,46,,True,,20,http://replay227.valve.net/570/4204905226_47227652.dem.bz2,1541418053,256,1983,
,0,63,227,,23,,1781,1,45,3,10,,,0,4204847043,0,0,,,38,,True,,20,http://replay227.valve.net/570/4204847043_62297565.dem.bz2,1541415764,0,1983,
,3,63,227,,15,,1916,1,115,3,10,,,0,4204665191,0,0,,,21,,True,,20,http://replay227.valve.net/570/4204665191_1471429012.dem.bz2,1541407289,6,1846,
,51,63,227,,37,,3030,1,70,3,10,,,0,4204597404,0,0,,,46,,True,,20,http://replay227.valve.net/570/4204597404_1799834465.dem.bz2,1541403686,260,1975,
,63,48,227,,44,,2970,1,50,3,10,,,0,4205112429,0,0,,,31,,False,,20,http://replay227.valve.net/570/4205112429_1279187653.dem.bz2,1541425133,1828,0,
,0,63,223,,37,,2646,1,4,3,10,,,0,4205010396,0,0,,,49,,True,,18,http://replay223.valve.net/570/4205010396_426513615.dem.bz2,1541421765,0,1974,
,0,63,224,,22,,1696,1,7,3,10,,,0,4204696573,0,0,,,47,,True,,12,http://replay224.valve.net/570/4204696573_1956697911.dem.bz2,1541408880,0,2047,
,63,3,224,,42,,1566,1,25,3,10,,,0,4204657676,0,0,,,25,,False,,12,http://replay224.valve.net/570/4204657676_841768227.dem.bz2,1541406910,1980,6,
,63,0,224,,46,,2639,1,110,3,10,,,0,4203442547,0,0,,,42,,False,,12,http://replay224.valve.net/570/4203442547_1605052161.dem.bz2,1541338841,1958,0,
0.0,63,48,224,,43,,1672,1,6,3,10,,,0,4197773041,0,1,-22362.0,,14,,False,-17891.0,12,http://replay224.valve.net/570/4197773041_1057823491.dem.bz2,1541074387,1854,0,21.0
0.0,51,63,224,,13,,1140,1,128,3,10,,,0,4195025833,0,0,12954.0,,26,,True,11959.0,12,http://replay224.valve.net/570/4195025833_316164658.dem.bz2,1540915191,391,1983,21.0
1.0,60,63,224,https://steamcdn-a.akamaihd.net/apps/dota2/images/team_logos/20.png,16,Newbee.mgb,2245,1,133,2,10,VARENA赛事,professional,10365,4202683192,19,63,18863.0,https://steamcdn-a.akamaihd.net/apps/dota2/images/team_logos/5066616.png,39,Team Serenity,True,27898.0,12,http://replay224.valve.net/570/4202683192_1220143962.dem.bz2,1541311247,1568,1959,21.0
0.0,3,59,224,https://steamusercontent-a.akamaihd.net/ugc/954090355572850053/5D319264237F7DD81466909C6C026938C302764B/,35,Team Root,2918,1,256,2,10,VARENA赛事,professional,10365,4201140754,18,88,18019.0,https://steamcdn-a.akamaihd.net/apps/dota2/images/team_logos/20.png,44,Newbee.mgb,True,-4849.0,12,http://replay224.valve.net/570/4201140754_1001140820.dem.bz2,1541241906,4,1540,21.0
0.0,63,2,224,https://steamcdn-a.akamaihd.net/apps/dota2/images/team_logos/20.png,43,Newbee.mgb,1905,1,208,2,10,VARENA赛事,professional,10365,4200984987,1,4,-24602.0,https://steamusercontent-a.akamaihd.net/ugc/963102163490877056/B7CEB7E42A3F9E736A0A35C8CA515F070706AE54/,21,ACT,False,-33151.0,12,http://replay224.valve.net/570/4200984987_1016462964.dem.bz2,1541235562,2038,1536,21.0
0.0,63,0,223,,34,,2860,1,114,3,10,,,0,4205210110,0,0,-15479.0,,47,,False,-1366.0,18,http://replay223.valve.net/570/4205210110_1778190800.dem.bz2,1541428356,1828,0,21.0
,63,0,224,,45,,2182,1,0,3,10,,,0,4203686048,0,0,,,28,,False,,12,http://replay224.valve.net/570/4203686048_1994542849.dem.bz2,1541347006,1846,0,
1.0,63,0,227,,72,,2339,1,150,3,10,,,0,4203481143,0,0,-31475.0,,26,,False,-35583.0,20,http://replay227.valve.net/570/4203481143_391215635.dem.bz2,1541340024,1974,0,21.0
,63,16,224,,57,,2544,1,94,3,10,,,0,4203069668,0,0,,,32,,False,,12,http://replay224.valve.net/570/4203069668_1302987819.dem.bz2,1541326477,1974,0,
,51,51,227,,54,,2574,1,6,3,10,,,0,4202984926,0,0,,,54,,True,,20,http://replay227.valve.net/570/4202984926_5811738.dem.bz2,1541323268,388,1796,
,51,63,224,,44,,2420,1,0,3,10,,,0,4202881933,0,0,,,44,,True,,12,http://replay224.valve.net/570/4202881933_903740856.dem.bz2,1541319381,390,1972,
,3,63,223,,21,,1915,1,125,3,10,,,0,4202821358,0,0,,,47,,True,,18,http://replay223.valve.net/570/4202821358_2120752343.dem.bz2,1541317013,6,1972,
,63,3,227,,39,,1849,1,42,3,10,,,0,4204528500,0,0,,,19,,False,,20,http://replay227.valve.net/570/4204528500_195346062.dem.bz2,1541399600,2038,0,
0.0,3,63,227,,22,,2388,1,102,3,10,,,0,4162248185,0,1,20992.0,,51,,True,35568.0,20,http://replay227.valve.net/570/4162248185_317470193.dem.bz2,1539188445,4,1972,21.0
,63,0,224,,54,,2204,1,151,3,10,,,0,4161616492,0,0,,,23,,False,,12,http://replay224.valve.net/570/4161616492_1989226333.dem.bz2,1539161879,1972,0,
,2,63,223,,21,,2499,1,149,3,10,,,0,4161561342,0,0,,,33,,True,,18,http://replay223.valve.net/570/4161561342_2125362577.dem.bz2,1539158625,0,1974,
0.0,0,63,224,,9,,1930,1,105,3,10,,,0,4161518603,0,0,37762.0,,52,,True,44822.0,12,http://replay224.valve.net/570/4161518603_1438036248.dem.bz2,1539155887,0,2039,21.0
,51,63,224,,43,,4016,1,105,3,10,,,0,4181767782,0,0,,,72,,True,,12,http://replay224.valve.net/570/4181767782_451173218.dem.bz2,1540224983,0,1830,
,63,0,223,,26,,1533,1,256,3,10,,,0,4181721684,0,0,,,6,,False,,18,http://replay223.valve.net/570/4181721684_200574865.dem.bz2,1540223080,1968,0,
1.0,63,0,223,,61,,2105,1,0,3,10,,,0,4181651032,0,0,-13625.0,,49,,False,-12300.0,18,http://replay223.valve.net/570/4181651032_811263263.dem.bz2,1540220415,1974,0,21.0
,51,63,224,,4,,836,1,45,3,10,,,0,4181606102,0,0,,,17,,True,,12,http://replay224.valve.net/570/4181606102_35997186.dem.bz2,1540218810,388,1983,
0.0,63,3,223,,39,,1392,1,87,3,10,,,0,4181553432,0,0,-21293.0,,12,,False,-24535.0,18,http://replay223.valve.net/570/4181553432_1170924169.dem.bz2,1540216993,2047,6,21.0
